Date,Max Temperature,Avg Temperature,Min Temperature,Precipitation (in)
1/1/19,45,38.1,34,0
1/2/19,47,36.5,27,0
1/3/19,50,38.4,28,0
1/4/19,54,41.2,30,0
1/5/19,49,41.5,35,0
1/6/19,53,45,40,0.17
1/7/19,51,49,47,0
1/8/19,58,50,43,0
1/9/19,61,50.3,42,0
1/10/19,62,50.4,39,0
1/11/19,58,50.4,40,0
1/12/19,56,48.9,39,0
1/13/19,56,46.3,37,0
1/14/19,54,47,43,0
1/15/19,48,47.1,45,0.35
1/16/19,58,50.6,45,0.52
1/17/19,63,55.4,50,0.02
1/18/19,60,52.7,45,0.06
1/19/19,61,50.6,43,0
1/20/19,57,49.6,40,0
1/21/19,59,50.7,45,0
1/22/19,51,45.6,41,0
1/23/19,53,44.2,35,0
1/24/19,61,49.5,37,0
1/25/19,61,52.5,42,0
1/26/19,64,55.9,49,0
1/27/19,64,53.1,44,0
1/28/19,69,57.5,47,0
1/29/19,62,56,49,0
1/30/19,62,53,45,0
1/31/19,61,51.4,41,0
2/1/19,64,53.7,41,0
2/2/19,57,53.9,51,0
2/3/19,60,53.9,47,0.35
2/4/19,57,51.7,48,0
2/5/19,53,46,38,0
2/6/19,48,41.7,36,0.01
2/7/19,47,39.6,33,0
2/8/19,50,40.3,30,0
2/9/19,56,44.7,33,0
2/10/19,57,46.9,36,0
2/11/19,49,41.3,32,0
2/12/19,51,41.9,31,0
2/13/19,55,47.9,41,0
2/14/19,56,47.8,45,0
2/15/19,59,49.3,37,1.2
2/16/19,53,46.9,41,0
2/17/19,49,39.5,34,0
2/18/19,48,41.5,37,0.33
2/19/19,46,40.6,34,0
2/20/19,46,36.7,31,0
2/21/19,41,35.5,33,0.13
2/22/19,49,37.1,0,0.25
2/23/19,50,41.1,31,0
2/24/19,55,44,33,0
2/25/19,58,47.7,37,0
2/26/19,66,54.6,43,0
2/27/19,71,58.6,45,0
2/28/19,73,63.6,53,0
3/1/19,72,62.3,53,0
3/2/19,68,61.2,55,0
3/3/19,69,59.6,49,0.02
3/4/19,67,58.1,48,0
3/5/19,69,60.5,53,0
3/6/19,60,56.6,54,0.12
3/7/19,67,59.3,54,0.14
3/8/19,58,52.4,46,0
3/9/19,59,50,39,0
3/10/19,58,52.6,49,0
3/11/19,64,54.5,46,0
3/12/19,63,55.6,47,0.11
3/13/19,57,51.1,47,0.02
3/14/19,59,50.7,43,0
3/15/19,65,55.3,44,0
3/16/19,70,60.7,50,0
3/17/19,74,61.6,48,0
3/18/19,75,63.3,50,0
3/19/19,75,64.2,52,0
3/20/19,67,60.1,54,0
3/21/19,62,54.8,49,0.04
3/22/19,68,58.3,47,0
3/23/19,72,61.6,51,0
3/24/19,71,61.6,53,0
3/25/19,74,61.9,48,0
3/26/19,79,65.5,52,0
3/27/19,78,66.2,53,0
3/28/19,75,65.6,58,0
3/29/19,71,61.9,52,0
3/30/19,70,60.9,51,0
3/31/19,72,62.6,54,0
4/1/19,73,63.3,52,0
4/2/19,79,72.5,63,0
4/3/19,75,66.3,57,0
4/4/19,76,67.6,59,0
4/5/19,74,67,61,0
4/6/19,78,67,58,0
4/7/19,82,70.6,59,0
4/8/19,86,74.7,63,0
4/9/19,84,73.9,60,0
4/10/19,70,61.6,54,0
4/11/19,69,62.4,54,0
4/12/19,66,58.8,53,0
4/13/19,74,63.2,53,0
4/14/19,82,68.5,53,0
4/15/19,80,72.3,66,0
4/16/19,67,59,51,0
4/17/19,78,66.2,53,0
4/18/19,85,71.7,57,0
4/19/19,87,74.6,60,0
4/20/19,88,76,63,0
4/21/19,79,70.2,62,0
4/22/19,79,69.8,61,0
4/23/19,86,76,67,0
4/24/19,91,79.2,66,0
4/25/19,93,81.8,68,0
4/26/19,95,83.6,71,0
4/27/19,92,82,68,0
4/28/19,91,81.6,67,0
4/29/19,80,64.9,55,0
4/30/19,77,66.4,56,0.56
5/1/19,73,65.8,58,0
5/2/19,80,68.9,55,0
5/3/19,83,73,60,0
5/4/19,89,76.4,61,0
5/5/19,89,76.6,62,0
5/6/19,81,73,63,0
5/7/19,84,72.3,60,0
5/8/19,86,74.8,64,0.01
5/9/19,75,68.1,57,0
5/10/19,74,63.8,56,0.53
5/11/19,81,72.5,63,0
5/12/19,86,76.1,66,0
5/13/19,91,79.5,66,0
5/14/19,91,81.2,69,0
5/15/19,91,80.2,70,0
5/16/19,75,69.2,62,0
5/17/19,72,63.9,55,0
5/18/19,81,69.1,56,0
5/19/19,73,65.9,59,0
5/20/19,72,63.1,55,0
5/21/19,74,64.1,56,0
5/22/19,63,58.4,53,0
5/23/19,69,60.9,53,0.02
5/24/19,76,68,58,0.01
5/25/19,83,73.1,59,0
5/26/19,74,68.3,59,0
5/27/19,71,62,53,0
5/28/19,79,70,60,0
5/29/19,83,78.4,72,0
5/30/19,86,77.3,65,0
5/31/19,90,78.8,67,0.01
6/1/19,89,81.2,70,0
6/2/19,89,79.3,70,0
6/3/19,92,82.3,71,0
6/4/19,97,87,76,0
6/5/19,100,90.3,77,0
6/6/19,101,91.2,78,0
6/7/19,96,87.8,78,0
6/8/19,89,81.5,74,0
6/9/19,89,80.9,70,0
6/10/19,96,85.8,74,0
6/11/19,99,89.1,75,0
6/12/19,105,92.8,78,0
6/13/19,104,93.2,78,0
6/14/19,95,87.8,79,0
6/15/19,102,90.5,79,0
6/16/19,100,89.8,80,0
6/17/19,97,87.7,76,0
6/18/19,99,89.8,77,0
6/19/19,104,91.9,76,0
6/20/19,102,92.6,81,0
6/21/19,94,86.3,78,0
6/22/19,89,81.2,73,0
6/23/19,94,82.3,67,0
6/24/19,101,87.3,70,0
6/25/19,98,88.8,75,0
6/26/19,99,87.6,74,0
6/27/19,98,88.1,77,0
6/28/19,101,89.9,74,0
6/29/19,98,89,75,0
6/30/19,99,90.3,82,0
7/1/19,103,90.8,73,0
7/2/19,102,90.6,75,0
7/3/19,99,89.7,77,0
7/4/19,99,89.3,77,0
7/5/19,100,88.8,72,0
7/6/19,102,90.6,73,0
7/7/19,100,91.5,77,0
7/8/19,99,88.9,78,0
7/9/19,101,89.5,76,0
7/10/19,104,92,74,0
7/11/19,108,96.3,81,0
7/12/19,106,96.3,87,0
7/13/19,109,96.2,81,0
7/14/19,108,98.4,84,0
7/15/19,108,97.5,83,0
7/16/19,107,94.6,77,0
7/17/19,104,94,83,0
7/18/19,105,92.8,77,0
7/19/19,103,91.7,77,0
7/20/19,103,91.8,76,0
7/21/19,106,93.3,77,0
7/22/19,106,95.2,81,0
7/23/19,101,96.5,92,0
7/24/19,98,89.2,0,0
7/25/19,97,92,86,0
7/26/19,105,95.2,84,0
7/27/19,106,96.1,85,0
7/28/19,108,99.4,88,0
7/29/19,110,99.5,84,0
7/30/19,107,96.5,83,0
7/31/19,94,89.4,85,0
8/1/19,103,91.6,79,0
8/2/19,107,95.2,81,0
8/3/19,108,97.9,85,0
8/4/19,109,97.8,84,0
8/5/19,110,98.3,83,0
8/6/19,107,95.1,88,0
8/7/19,103,89.2,82,0
8/8/19,100,89.6,77,0
8/9/19,102,92.5,79,0
8/10/19,99,88.3,73,0
8/11/19,98,88.1,74,0
8/12/19,101,89,73,0
8/13/19,103,91.6,76,0
8/14/19,106,94.3,80,0
8/15/19,109,96.2,81,0
8/16/19,107,93.7,77,0
8/17/19,104,92,78,0
8/18/19,104,89.6,74,0
8/19/19,103,89.2,73,0
8/20/19,104,90.5,75,0
8/21/19,107,93.2,79,0
8/22/19,104,92.9,77,0
8/23/19,103,91.2,76,0
8/24/19,104,92.3,77,0
8/25/19,105,92.9,78,0
8/26/19,106,94.1,80,0
8/27/19,106,95.7,83,0
8/28/19,108,96.5,83,0
8/29/19,106,95.1,84,0
8/30/19,107,94.9,81,0
8/31/19,108,93.8,79,0
9/1/19,108,93.6,77,0
9/2/19,100,90.7,82,0
9/3/19,103,93.2,82,0
9/4/19,101,91.7,82,0
9/5/19,101,93.6,86,0
9/6/19,104,92.8,82,0
9/7/19,103,92.8,81,0
9/8/19,95,86.5,76,0
9/9/19,97,84.3,70,0
9/10/19,92,83.6,76,0
9/11/19,89,80,68,0
9/12/19,91,81,69,0
9/13/19,96,83.8,69,0
9/14/19,99,86.2,71,0
9/15/19,99,86.7,71,0
9/16/19,95,87.3,79,0
9/17/19,88,80.2,74,0
9/18/19,92,79.1,64,0
9/19/19,87,79.2,71,0
9/20/19,82,73.6,65,0
9/21/19,84,74.1,62,0
9/22/19,87,76.7,62,0
9/23/19,88,75.9,66,0
9/24/19,93,78.5,65,0.11
9/25/19,93,81.9,70,0
9/26/19,87,79.3,73,0
9/27/19,89,78.4,68,0
9/28/19,86,77.8,69,0
9/29/19,74,67.8,61,0
9/30/19,78,66,53,0
10/1/19,78,66.5,54,0
10/2/19,78,67.8,59,0
10/3/19,84,69.4,53,0
10/4/19,84,75.3,68,0
10/5/19,84,71.8,58,0
10/6/19,84,72.6,63,0
10/7/19,86,72.7,61,0
10/8/19,89,74.4,60,0
10/9/19,89,75.3,62,0
10/10/19,68,60.3,53,0
10/11/19,71,58.9,50,0
10/12/19,75,61.7,50,0
10/13/19,79,63,47,0
10/14/19,80,66.7,55,0
10/15/19,84,70.5,58,0
10/16/19,85,71.2,58,0
10/17/19,85,73.2,61,0
10/18/19,76,68.4,60,0
10/19/19,77,66.5,53,0
10/20/19,72,66.5,58,0
10/21/19,77,64.9,54,0
10/22/19,81,69.1,59,0
10/23/19,84,72.5,63,0
10/24/19,73,66,60,0
10/25/19,76,64.2,53,0
10/26/19,80,66.2,55,0
10/27/19,67,60.7,52,0
10/28/19,57,49.7,43,0
10/29/19,63,50.2,39,0
10/30/19,53,43.3,35,0
10/31/19,59,46.6,34,0
11/1/19,68,52.8,39,0
11/2/19,72,57.6,44,0
11/3/19,74,59.4,46,0
11/4/19,75,60.2,45,0
11/5/19,77,62.3,48,0
11/6/19,77,63.3,50,0
11/7/19,78,63.8,51,0
11/8/19,79,63.5,51,0
11/9/19,78,63,52,0
11/10/19,75,60.8,48,0
11/11/19,79,64.7,52,0
11/12/19,73,60.9,49,0
11/13/19,74,61.3,51,0
11/14/19,72,61.3,50,0
11/15/19,75,63.6,54,0
11/16/19,77,65.9,53,0
11/17/19,76,64.8,56,0
11/18/19,76,62.7,52,0
11/19/19,76,62.4,50,0
11/20/19,61,53.2,45,0.06
11/21/19,51,47.4,44,0.66
11/22/19,57,49.1,41,0.01
11/23/19,60,51.3,43,0
11/24/19,62,52.7,45,0
11/25/19,64,53.3,46,0
11/26/19,49,45.5,42,0
11/27/19,57,48,42,0
11/28/19,49,43.4,36,0.02
11/29/19,48,42.9,37,0.67
11/30/19,48,41.8,33,0
12/1/19,50,44.4,40,0
12/2/19,55,46.7,39,0
12/3/19,57,51.3,44,0
12/4/19,52,38.9,0,0
12/5/19,60,38.7,0,0.37
12/6/19,60,53.1,45,0
12/7/19,59,54.1,49,0.01
12/8/19,62,55.3,51,0
12/9/19,63,55.3,49,0
12/10/19,57,49.7,42,0
12/11/19,58,49.1,42,0
12/12/19,58,49.4,42,0
12/13/19,60,50.1,42,0
12/14/19,62,52.1,43,0
12/15/19,57,50.8,45,0.03
12/16/19,51,44.5,38,0.01
12/17/19,49,41.1,31,0
12/18/19,49,44.2,39,0
12/19/19,58,46.1,38,0
12/20/19,57,46.8,36,0
12/21/19,56,47.1,39,0
12/22/19,45,43.6,42,0
12/23/19,48,48,48,0
12/24/19,57,50.1,40,0
1/1/20,52,44.9,38,0
1/2/20,61,52.8,41,0
1/3/20,60,50.1,42,0
1/4/20,58,47.3,38,0
1/5/20,58,48.5,38,0
1/6/20,59,50.1,44,0
1/7/20,59,48.2,38,0
1/8/20,62,51.1,40,0
1/9/20,56,50.1,43,0
1/10/20,54,47.6,39,0
1/11/20,52,42.6,34,0
1/12/20,54,43.2,33,0
1/13/20,55,44.8,35,0
1/14/20,57,45.2,35,0
1/15/20,58,46.6,37,0
1/16/20,60,48.4,36,0
1/17/20,58,50,42,0
1/18/20,58,47.1,36,0
1/19/20,65,53.1,41,0
1/20/20,61,55.7,52,0
1/21/20,61,54,46,0
1/22/20,61,50.7,42,0
1/23/20,67,54.4,45,0
1/24/20,65,53.3,43,0
1/25/20,66,54.3,44,0
1/26/20,64,54.1,44,0
1/27/20,68,58.5,51,0
1/28/20,62,53.2,44,0
1/29/20,64,55.2,47,0
1/30/20,64,53.2,43,0
1/31/20,65,52.6,42,0
2/1/20,69,55.1,43,0
2/2/20,76,58.8,42,0
2/3/20,51,43,38,0
2/4/20,49,41.4,36,0
2/5/20,51,42,35,0
2/6/20,62,48.6,36,0
2/7/20,68,54.5,43,0
2/8/20,67,53.7,40,0
2/9/20,56,51.5,46,0
2/10/20,65,54.1,45,0.03
2/11/20,61,50.9,43,0
2/12/20,62,49.8,39,0
2/13/20,63,50.3,38,0
2/14/20,65,51.8,39,0
2/15/20,65,53.5,42,0
2/16/20,69,56.2,44,0
2/17/20,71,60.9,51,0
2/18/20,61,53.5,45,0
2/19/20,65,53.5,42,0
2/20/20,65,53.1,42,0
2/21/20,70,56.2,43,0
2/22/20,60,53.5,51,0
2/23/20,69,57,50,0.37
2/24/20,71,59.9,49,0
2/25/20,59,53.7,48,0
2/26/20,62,51.5,39,0
2/27/20,71,56.5,43,0
2/28/20,69,58.5,50,0
2/29/20,66,57.1,48,0
3/1/20,66,58.2,47,0
3/2/20,63,53.7,46,0.34
3/3/20,72,61.6,52,0
3/4/20,73,61.4,50,0
3/5/20,75,62,49,0
3/6/20,77,64.4,52,0
3/7/20,74,63.8,53,0
3/8/20,68,61.6,55,0
3/9/20,69,60.5,50,0
3/10/20,60,56.8,53,0
3/11/20,67,57.4,54,0.57
3/12/20,71,60.1,53,0
3/13/20,61,55.5,52,1.77
3/14/20,68,60.8,55,0.17
3/15/20,69,60,51,0
3/16/20,67,58.5,49,0
3/17/20,61,56.1,51,0
3/18/20,58,52.3,47,0
3/19/20,59,51.9,44,0
3/20/20,59,51,45,0.03
3/21/20,65,57.8,50,0
3/22/20,67,59,49,0
3/23/20,66,60.1,53,0
3/24/20,70,61.2,51,0
3/25/20,69,60.9,54,0
3/26/20,60,53.4,46,0
3/27/20,62,53.5,45,0
3/28/20,66,55.9,43,0
3/29/20,66,59.4,55,0
3/30/20,71,60.6,50,0
3/31/20,76,64,51,0
4/1/20,82,69.2,55,0
4/2/20,70,64,56,0
4/3/20,72,61.4,51,0
4/4/20,77,64.3,51,0
4/5/20,75,67,59,0
4/6/20,67,60.7,54,0
4/7/20,63,57.8,53,0
4/8/20,71,58.1,50,0
4/9/20,60,54.3,47,0
4/10/20,62,57.5,53,0
4/11/20,77,65,53,0
4/12/20,74,64.8,57,0
4/13/20,76,66,56,0
4/14/20,69,61.3,54,0
4/15/20,79,65.4,50,0
4/16/20,79,68.8,56,0
4/17/20,75,68.4,60,0
4/18/20,73,65.6,57,0
4/19/20,81,68.8,55,0
4/20/20,77,68,59,0
4/21/20,80,68.9,60,0
4/22/20,88,76.1,63,0
4/23/20,90,80.4,69,0
4/24/20,87,78.4,71,0
4/25/20,91,79.1,66,0
4/26/20,93,82,71,0
4/27/20,94,82.5,64,0
4/28/20,96,86,75,0
4/29/20,99,87.2,73,0
4/30/20,99,88.1,78,0
5/1/20,95,83.2,68,0
5/2/20,92,81.9,69,0
5/3/20,91,80.3,67,0
5/4/20,89,80.6,74,0
5/5/20,92,80.1,64,0
5/6/20,99,83.9,67,0
5/7/20,93,84.1,76,0
5/8/20,94,81.9,69,0
5/9/20,101,86.3,70,0
5/10/20,100,87.5,73,0
5/11/20,93,85,75,0
5/12/20,85,78,70,0
5/13/20,86,74.8,63,0
5/14/20,87,76.3,63,0
5/15/20,90,80.6,68,0
5/16/20,93,83.8,71,0
5/17/20,96,85.9,73,0
5/18/20,91,80.7,72,0
5/19/20,75,69.1,63,0
5/20/20,80,71,61,0
5/21/20,86,77.2,65,0
5/22/20,91,79.7,64,0
5/23/20,83,74.5,65,0
5/24/20,89,77.7,63,0
5/25/20,90,81.3,69,0
5/26/20,101,86.8,70,0
5/27/20,107,93.5,78,0
5/28/20,107,95.8,80,0
5/29/20,109,95.2,78,0
5/30/20,101,90.5,83,0
5/31/20,98,86.3,75,0
6/1/20,101,88,72,0
6/2/20,101,90.3,79,0
6/3/20,105,95.3,86,0
6/4/20,107,96.3,82,0
6/5/20,103,92.3,81,0
6/6/20,88,79.7,73,0
6/7/20,87,76.5,65,0
6/8/20,79,71,62,0
6/9/20,87,76.7,63,0
6/10/20,97,84.7,70,0
6/11/20,103,89.3,71,0
6/12/20,102,89.1,72,0
6/13/20,90,82.1,74,0
6/14/20,95,84.3,72,0
6/15/20,100,89.2,72,0
6/16/20,98,89.8,81,0
6/17/20,94,86,77,0
6/18/20,95,86.3,77,0
6/19/20,99,88,75,0
6/20/20,105,92,76,0
6/21/20,106,95.1,80,0
6/22/20,108,96.2,81,0
6/23/20,108,96.6,83,0
6/24/20,106,96,81,0
6/25/20,108,96.2,81,0
6/26/20,103,94.4,84,0
6/27/20,108,96.6,80,0
6/28/20,104,93.2,83,0
6/29/20,89,82,75,0
6/30/20,95,85,73,0
7/1/20,100,88.7,72,0
7/2/20,101,91.3,78,0
7/3/20,103,92.4,78,0
7/4/20,106,93.8,76,0
7/5/20,107,96.4,82,0
7/6/20,108,96.6,82,0
7/7/20,107,96.8,84,0
7/8/20,105,93,76,0
7/9/20,107,92.8,74,0
7/10/20,109,95.3,75,0
7/11/20,113,101,85,0
7/12/20,115,105.2,89,0
7/13/20,111,103.9,95,0
7/14/20,108,98.6,89,0
7/15/20,107,95.6,80,0
7/16/20,108,97,82,0
7/17/20,108,97.8,84,0
7/18/20,110,97.8,82,0
7/19/20,108,98.7,86,0
7/20/20,107,98,90,0
7/21/20,108,96.8,83,0
7/22/20,107,96.9,83,0
7/23/20,105,93.8,82,0
7/24/20,102,91.9,78,0
7/25/20,104,92.8,78,0
7/26/20,104,93.9,79,0
7/27/20,108,96.7,84,0
7/28/20,110,96.9,81,0
7/29/20,111,97.5,81,0
7/30/20,112,97.9,81,0
7/31/20,113,101.6,87,0
8/1/20,113,101.3,85,0
8/2/20,109,96.3,80,0
8/3/20,109,95.3,78,0
8/4/20,107,94.7,78,0
8/5/20,105,93.6,81,0
8/6/20,102,92,78,0
8/7/20,101,89.2,73,0
8/8/20,103,90.9,75,0
8/9/20,105,92,77,0
8/10/20,105,93.1,77,0
8/11/20,107,96.2,80,0
8/12/20,107,94.2,75,0
8/13/20,109,95.8,81,0
8/14/20,111,99.5,87,0
8/15/20,114,101.1,89,0
8/16/20,113,103,92,0
8/17/20,112,101.8,90,0
8/18/20,113,101.4,89,0
8/19/20,112,100.7,88,0
8/20/20,113,102.2,89,0
8/21/20,109,97.9,85,0
8/22/20,105,95.7,88,0
8/23/20,105,95.7,87,0
8/24/20,108,96.6,85,0
8/25/20,111,98.2,85,0
8/26/20,109,97.6,84,0
8/27/20,108,97.3,86,0
8/28/20,107,94.7,79,0
8/29/20,106,95.3,84,0
8/30/20,103,91.8,78,0
8/31/20,103,90.8,74,0
9/1/20,98,90.4,81,0
9/2/20,103,90.7,76,0
9/3/20,108,94.3,79,0
9/4/20,110,97,82,0
9/5/20,113,97.4,83,0
9/6/20,115,102.1,90,0
9/7/20,106,97.1,87,0
9/8/20,90,81.6,68,0
9/9/20,82,73.3,65,0
9/10/20,85,75,62,0
9/11/20,90,77.7,64,0
9/12/20,97,83.5,69,0
9/13/20,100,85.9,69,0
9/14/20,100,87.3,74,0
9/15/20,101,89,77,0
9/16/20,103,91.5,80,0
9/17/20,103,91,78,0
9/18/20,104,89,76,0
9/19/20,99,90.6,82,0
9/20/20,100,87.8,73,0
9/21/20,101,88.3,74,0
9/22/20,99,87.3,74,0
9/23/20,99,86.6,73,0
9/24/20,101,88.3,74,0
9/25/20,100,86,71,0
9/26/20,99,85,67,0
9/27/20,97,86.2,76,0
9/28/20,93,83,76,0
9/29/20,93,80.7,68,0
9/30/20,98,84.3,71,0
10/1/20,101,84.9,69,0
10/2/20,99,84.5,68,0
10/3/20,98,83.5,67,0
10/4/20,99,81.8,65,0
10/5/20,98,80.8,67,0
10/6/20,96,81.5,67,0
10/7/20,95,80.2,67,0
10/8/20,95,81.1,68,0
10/9/20,90,78.7,67,0
10/10/20,90,76.8,62,0
10/11/20,91,79.5,68,0
10/12/20,91,77.5,65,0
10/13/20,93,77.9,64,0
10/14/20,95,80.1,65,0
10/15/20,92,82,73,0
10/16/20,87,77.1,69,0
10/17/20,91,77.6,67,0
10/18/20,91,76.8,64,0
10/19/20,91,77.8,67,0
10/20/20,90,77.1,65,0
10/21/20,88,74.1,62,0
10/22/20,88,73.9,61,0
10/23/20,78,69.5,59,0
10/24/20,82,70.7,58,0
10/25/20,81,68.5,52,0
10/26/20,62,50.4,42,0
10/27/20,70,59.2,44,0
10/28/20,77,62.5,50,0
10/29/20,80,66,52,0
10/30/20,79,65.8,53,0
10/31/20,82,66.8,53,0
11/1/20,85,71.3,60,0
11/2/20,86,74.3,63,0
11/3/20,86,74,62,0
11/4/20,86,74.3,62,0
11/5/20,87,73.8,62,0
11/6/20,88,74,63,0
11/7/20,71,58.3,49,0
11/8/20,57,51.6,46,0
11/9/20,57,48.4,41,0
11/10/20,61,51.1,40,0
11/11/20,65,55.5,48,0
11/12/20,68,57.1,43,0
11/13/20,69,59.8,51,0
11/14/20,70,56.1,45,0
11/15/20,74,58.9,46,0
11/16/20,79,62.5,49,0
11/17/20,80,69.3,56,0
11/18/20,72,62.3,54,0
11/19/20,70,61.5,51,0
11/20/20,71,60.8,54,0
11/21/20,69,58.7,49,0
11/22/20,64,55.8,45,0
11/23/20,64,54.9,44,0
11/24/20,61,49.7,39,0
11/25/20,58,52.8,48,0
11/26/20,61,50.8,42,0
11/27/20,59,47.2,35,0
11/28/20,65,51.4,37,0
11/29/20,64,51.7,41,0
12/1/20,66,53.4,43,0
12/2/20,59,49.7,38,0
12/3/20,57,47.3,39,0
12/4/20,61,46,34,0
12/5/20,63,48.1,35,0
12/6/20,60,49.4,37,0
12/7/20,71,58.2,48,0
12/8/20,69,55,40,0
12/9/20,67,54.2,42,0
12/10/20,65,52.7,43,0
12/11/20,56,46.7,39,0
12/12/20,61,48.8,38,0
12/13/20,49,42.4,34,0
12/14/20,59,49.8,39,0
12/15/20,56,48.5,43,0
12/16/20,57,46.3,37,0
12/17/20,61,48.3,39,0
12/18/20,58,51.4,45,0.11
12/19/20,58,47.3,39,0
12/20/20,62,48.7,36,0
12/21/20,67,53.5,42,0
12/22/20,73,56.4,43,0
12/23/20,55,48.5,38,0
12/24/20,50,42,34,0
12/25/20,58,45.8,36,0
12/26/20,57,45.5,34,0
12/27/20,57,50.3,43,0
12/28/20,50,44.8,40,0
12/29/20,56,48.6,42,0
12/30/20,56,46.8,39,0
12/31/20,54,47.5,39,0
1/1/21,58,49.4,42,0
1/2/21,55,44.5,35,0
1/3/21,56,47,38,0
1/4/21,61,49.3,41,0
1/5/21,63,52.3,42,0
1/6/21,59,48.9,40,0
1/7/21,58,48.8,42,0
1/8/21,61,49.5,40,0
1/9/21,60,53.1,48,0
1/10/21,56,47.7,42,0
1/11/21,58,46.3,37,0
1/12/21,56,44.8,34,0
1/13/21,62,49.8,38,0
1/14/21,70,55.9,43,0
1/15/21,53,52.3,51,0
1/16/21,73,60.4,49,0
1/17/21,68,55.9,46,0
1/18/21,70,60.2,50,0
1/19/21,60,53.5,47,0
1/20/21,62,54.9,49,0
1/21/21,66,54.5,46,0
1/22/21,64,54.2,45,0
1/23/21,54,49.2,41,0
1/24/21,58,48.7,40,0
1/25/21,50,42.9,39,0
1/26/21,43,38,35,0.25
1/27/21,49,43.2,38,0.05
1/28/21,56,48.1,40,0
1/29/21,56,50,44,0
1/30/21,56,46.2,37,0.01
1/31/21,60,49.5,37,0
2/1/21,61,54.7,47,0
2/2/21,67,56.2,46,0
2/3/21,72,64.1,55,0
2/4/21,60,53.6,46,0
2/5/21,68,54.7,46,0
2/6/21,67,56.2,47,0
2/7/21,69,55.1,42,0
2/8/21,67,55.4,42,0
2/9/21,63,57.1,50,0
2/10/21,69,59.3,51,0
2/11/21,70,61.2,49,0
2/12/21,70,61.3,54,0
2/13/21,68,56.9,51,0.02
2/14/21,60,52.6,47,0.02
2/15/21,62,52.7,42,0
2/16/21,64,57.9,52,0
2/17/21,58,51.5,45,0
2/18/21,55,48.3,42,0
2/19/21,62,49.8,39,0
2/20/21,62,51.6,38,0
2/21/21,63,52.9,45,0
2/22/21,67,56.5,46,0
2/23/21,74,61.6,48,0
2/24/21,73,59.9,47,0
2/25/21,59,49.8,43,0
2/26/21,67,52.3,36,0
2/27/21,62,53.8,46,0
2/28/21,57,47.8,42,0
3/1/21,62,49.6,36,0
3/2/21,68,54.1,40,0
3/3/21,68,55.5,41,0
3/4/21,68,56.3,44,0
3/5/21,76,60.7,46,0
3/6/21,80,64.2,48,0
3/7/21,75,63.4,50,0
3/8/21,77,65.1,54,0
3/9/21,63,56.4,49,0
3/10/21,57,50.6,47,0
3/11/21,53,47,43,0
3/12/21,50,44.4,42,0
3/13/21,62,51.1,44,0.11
3/14/21,69,55.6,39,0
3/15/21,67,55.8,41,0
3/16/21,61,50.5,41,0
3/17/21,66,56.1,44,0
3/18/21,73,61.8,52,0
3/19/21,81,66.3,50,0
3/20/21,73,67.1,60,0
3/21/21,67,59.2,52,0
3/22/21,67,58.8,48,0
3/23/21,62,57.4,52,0
3/24/21,68,58.8,50,0
3/25/21,68,60.1,51,0
3/26/21,68,59.5,51,0
3/27/21,74,62.7,52,0
3/28/21,79,65.2,51,0
3/29/21,85,69.4,51,0
3/30/21,70,62.7,55,0
3/31/21,73,62.3,52,0
4/1/21,78,65.8,50,0
4/2/21,87,72.7,57,0
4/3/21,92,76.2,59,0
4/4/21,90,76.3,59,0
4/5/21,92,77.6,63,0
4/6/21,78,70.8,62,0
4/7/21,86,72.1,55,0
4/8/21,88,76.7,65,0
4/9/21,83,73.8,65,0
4/10/21,88,74.1,59,0
4/11/21,89,78.2,68,0
4/12/21,85,75.9,68,0
4/13/21,86,75.2,66,0
4/14/21,77,69.1,61,0
4/15/21,75,66.7,57,0
4/16/21,77,66.8,56,0
4/17/21,74,66,58,0
4/18/21,79,69,60,0
4/19/21,88,73.9,57,0
4/20/21,84,76,64,0
4/21/21,79,72.5,68,0
4/22/21,83,71.9,61,0
4/23/21,86,75.8,64,0
4/24/21,87,76.5,68,0
4/25/21,80,72.3,66,0
4/26/21,69,63.9,60,0
4/27/21,68,61,53,0
4/28/21,84,72.8,60,0
4/29/21,89,78.5,66,0
4/30/21,98,84.3,69,0
5/1/21,95,82.9,70,0
5/2/21,88,80.1,74,0
5/3/21,84,75.6,67,0
5/4/21,91,78.3,64,0
5/5/21,94,82.2,67,0
5/6/21,98,84.4,66,0
5/7/21,93,84.3,73,0
5/8/21,90,81,71,0
5/9/21,89,78.7,70,0
5/10/21,89,79.3,68,0
5/11/21,87,79,69,0
5/12/21,95,82.2,68,0
5/13/21,98,85.3,68,0
5/14/21,98,86.4,70,0
5/15/21,94,84.4,76,0
5/16/21,83,72.9,65,0
5/17/21,89,78.1,63,0
5/18/21,98,88.9,73,0
5/19/21,95,85.4,73,0
5/20/21,87,77.3,66,0
5/21/21,68,62.5,58,0
5/22/21,70,62.9,53,0
5/23/21,82,69.1,53,0
5/24/21,87,76.6,64,0
5/25/21,95,82.8,67,0
5/26/21,94,84.3,77,0
5/27/21,96,84.5,69,0
5/28/21,99,86.7,72,0
5/29/21,93,83.8,70,0
5/30/21,98,88.1,75,0
5/31/21,100,90,73,0
6/1/21,103,91.2,75,0
6/2/21,107,93.9,76,0
6/3/21,108,95.9,83,0
6/4/21,109,97.4,84,0
6/5/21,108,96.8,83,0
6/6/21,104,94.5,83,0
6/7/21,98,89.3,82,0
6/8/21,95,84.3,72,0
6/9/21,95,85.7,74,0
6/10/21,90,79.5,68,0
6/11/21,95,83.2,68,0
6/12/21,103,89.5,74,0
6/13/21,109,93.2,74,0
6/14/21,111,96.2,74,0
6/15/21,113,98.6,81,0
6/16/21,116,102.4,86,0
6/17/21,114,103.3,93,0
6/18/21,114,104.5,91,0
6/19/21,113,104.2,94,0
6/20/21,114,104.2,93,0
6/21/21,110,99,86,0
6/22/21,104,96.8,90,0
6/23/21,94,89.8,85,0
6/24/21,96,87.1,76,0
6/25/21,101,90.2,76,0
6/26/21,107,96.2,81,0
6/27/21,107,99.9,93,0
6/28/21,107,99.6,92,0
6/29/21,105,94.6,78,0
6/30/21,94,85.1,76,0
7/1/21,106,94.3,79,0
7/2/21,109,97.3,82,0
7/3/21,108,97.2,88,0
7/4/21,106,97.1,87,0
7/5/21,109,98.9,85,0
7/6/21,111,100.7,88,0
7/7/21,114,103.8,91,0
7/8/21,114,103.8,90,0
7/9/21,117,105,93,0
7/10/21,117,106.5,95,0
7/11/21,114,104.1,95,0
7/12/21,113,101.3,84,0
7/13/21,109,95.8,83,0
7/14/21,107,93.3,83,0
7/15/21,105,92.1,81,0
7/16/21,108,97.6,86,0
7/17/21,107,98.3,87,0
7/18/21,101,94.3,87,0
7/19/21,99,91.1,84,0
7/20/21,107,91.8,0,0
7/21/21,102,95.3,88,0
7/22/21,105,93.5,88,0
7/23/21,106,94.9,85,0
7/24/21,101,93.1,87,0
7/25/21,101,87.8,73,0
7/26/21,91,82.2,78,0
7/27/21,101,90.2,78,0
7/28/21,103,95.5,86,0
7/29/21,107,93.8,83,0
7/30/21,96,88.3,82,0
7/31/21,97,87.8,74,0
8/1/21,100,92.5,83,0
8/2/21,107,96.1,83,0
8/3/21,109,98.9,87,0
8/4/21,111,100.1,86,0
8/5/21,112,100.9,86,0
8/6/21,107,98.5,88,0
8/7/21,106,93.1,80,0
8/8/21,107,94.6,78,0
8/9/21,107,96.4,82,0
8/10/21,106,94.5,82,0
8/11/21,101,90.5,81,0
8/12/21,103,92.9,84,0
8/13/21,102,93.5,86,0
8/14/21,104,94.9,85,0
8/15/21,107,97,86,0
8/16/21,107,98,89,0
8/17/21,106,97.5,89,0
8/18/21,100,91.6,82,0
8/19/21,94,84.3,74,0
8/20/21,96,86.6,74,0
8/21/21,99,90.3,80,0
8/22/21,100,89.4,77,0
8/23/21,102,88.8,72,0
8/24/21,103,91.3,77,0
8/25/21,106,93.7,76,0
8/26/21,107,95,81,0
8/27/21,108,93.3,78,0
8/28/21,108,96.4,83,0
8/29/21,108,96.9,84,0
8/30/21,103,93.5,82,0
8/31/21,99,90.5,84,0
9/1/21,91,83.1,77,0
9/2/21,100,88,76,0
9/3/21,97,86.9,75,0
9/4/21,100,88,74,0
9/5/21,106,92.8,79,0
9/6/21,107,95.7,85,0
9/7/21,109,96,83,0
9/8/21,107,95.6,81,0
9/9/21,107,95.4,84,0
9/10/21,101,92,83,0
9/11/21,103,92.8,79,0.11
9/12/21,105,92.6,79,0
9/13/21,105,92,77,0
9/14/21,102,90.5,74,0
9/15/21,101,89.3,76,0
9/16/21,100,86.7,71,0
9/17/21,92,82.2,70,0
9/18/21,96,85.1,76,0
9/19/21,95,84.5,68,0
9/20/21,89,81,74,0
9/21/21,92,79.2,66,0
9/22/21,99,82.9,67,0
9/23/21,96,84.7,73,0
9/24/21,96,84.8,72,0
9/25/21,94,82.5,71,0
9/26/21,94,83.3,72,0
9/27/21,92,81.2,72,0
9/28/21,89,81.4,75,0
9/29/21,83,75.3,69,0
9/30/21,84,74,65,0
10/1/21,85,74.2,63,0
10/2/21,88,76.3,62,0
10/3/21,92,80.3,69,0
10/4/21,90,78.3,67,0
10/5/21,81,74.8,71,0
10/6/21,83,74.1,64,0
10/7/21,84,75.4,67,0
10/8/21,77,71.1,65,0
10/9/21,77,67.9,56,0
10/10/21,79,69.5,62,0
10/11/21,77,62.3,49,0
10/12/21,65,56.3,48,0
10/13/21,68,59,50,0
10/14/21,73,61.7,50,0
10/15/21,74,64.3,55,0
10/16/21,79,65.3,51,0
10/17/21,83,68.5,53,0
10/18/21,67,62.2,57,0
10/19/21,70,60.6,51,0
10/20/21,73,61.6,49,0
10/21/21,79,66.2,53,0
10/22/21,84,68.8,53,0
10/23/21,80,71.7,65,0
10/24/21,78,69.6,60,0
10/25/21,79,68.4,56,0
10/26/21,69,61.3,54,0
10/27/21,75,63,51,0
10/28/21,83,69.7,58,0
10/29/21,82,68.6,57,0
10/30/21,82,69,53,0
10/31/21,82,72,63,0
11/1/21,80,69,57,0
11/2/21,78,68.4,59,0
11/3/21,79,67.9,56,0
11/4/21,79,66.9,56,0
11/5/21,80,67.1,53,0
11/6/21,86,69.8,53,0
11/7/21,84,72.2,58,0
11/8/21,81,69.1,59,0
11/9/21,76,69.1,62,0
11/10/21,81,69,62,0
11/11/21,79,68.8,61,0
11/12/21,80,68.9,61,0
11/13/21,80,67.2,57,0
11/14/21,80,65.8,55,0
11/15/21,77,64.4,52,0
11/16/21,76,64.5,57,0
11/17/21,73,62.6,54,0
11/18/21,67,57,46,0
11/19/21,69,59.1,52,0
11/20/21,73,60.8,48,0
11/21/21,69,60.2,51,0
11/22/21,68,56.5,45,0
11/23/21,70,58.4,49,0
11/24/21,63,57.3,52,0
11/25/21,65,53.3,45,0
11/26/21,67,53.3,41,0
11/27/21,70,56.2,43,0
11/28/21,72,58,46,0
11/29/21,74,59.9,47,0
11/30/21,78,64.5,51,0
12/1/21,76,63.4,52,0
12/2/21,71,59.5,48,0
12/3/21,70,58.8,49,0
12/4/21,69,56.9,46,0
12/5/21,78,63.7,51,0
12/6/21,69,60.1,51,0
12/7/21,62,58,54,0
12/8/21,65,55.9,48,0
12/9/21,59,55,48,0
12/10/21,54,48.1,40,0
12/11/21,50,41.3,34,0
12/12/21,54,42.4,33,0
12/13/21,57,47,34,0
12/14/21,57,49.4,43,0
12/15/21,50,42.9,37,0
12/16/21,49,40.7,32,0
12/17/21,54,41.7,0,0
12/18/21,54,43.8,34,0
12/19/21,54,42.1,33,0
12/20/21,54,44.6,32,0
12/21/21,55,47.3,38,0
12/22/21,56,46.7,36,0
12/23/21,58,52.7,48,0
12/24/21,63,56.8,50,0.04
12/25/21,60,50.7,39,0.01
12/26/21,56,50.4,45,0.01
12/27/21,54,46.7,37,0
12/28/21,49,43.1,38,0
12/29/21,50,43.4,32,0
12/30/21,56,50.7,45,0
12/31/21,57,52.3,45,0
1/1/22,48,42,34,0
1/2/22,46,36.8,27,0
1/3/22,49,39.5,29,0
1/4/22,55,43.6,34,0
1/5/22,58,46.8,36,0
1/6/22,62,49.8,40,0
1/7/22,63,52.3,39,0
1/8/22,65,55.8,48,0
1/9/22,62,52.1,43,0
1/10/22,60,49.9,39,0
1/11/22,62,50.8,41,0
1/12/22,65,53.3,43,0
1/13/22,64,53.6,44,0
1/14/22,68,58.9,48,0
1/15/22,60,51.6,44,0
1/16/22,62,49.5,38,0
1/17/22,61,51,42,0
1/18/22,60,51.7,44,0
1/19/22,64,53.3,42,0.02
1/20/22,62,53.3,44,0
1/21/22,61,51.1,41,0
1/22/22,63,54.7,48,0
1/23/22,63,54.7,46,0
1/24/22,66,54.1,45,0
1/25/22,61,53.8,43,0
1/26/22,57,47.6,38,0
1/27/22,63,51.4,41,0
1/28/22,61,48.4,37,0
1/29/22,61,50.1,37,0
1/30/22,65,52.7,41,0
1/31/22,57,47.5,39,0
2/1/22,60,51.5,43,0
2/2/22,50,44,38,0
2/3/22,55,43.5,33,0
2/4/22,56,45.4,35,0
2/5/22,63,49.8,36,0
2/6/22,67,57.6,49,0
2/7/22,65,53.5,43,0
2/8/22,75,59.5,45,0
2/9/22,76,64.5,53,0
2/10/22,76,65.4,57,0
2/11/22,80,66.5,55,0
2/12/22,73,59.7,49,0
2/13/22,72,56.7,43,0
2/14/22,70,58.6,43,0
2/15/22,66,61.7,55,0
2/16/22,66,56.7,50,0
2/17/22,62,52.7,46,0
2/18/22,67,54.8,43,0
2/19/22,69,56.7,45,0
2/20/22,71,59.2,42,0
2/21/22,68,61.5,50,0
2/22/22,58,49.7,44,0
2/23/22,51,41.9,0,0
2/24/22,52,42.2,33,0
2/25/22,57,46.9,37,0
2/26/22,57,46.2,36,0
2/27/22,63,50,35,0
2/28/22,74,58.3,41,0
3/1/22,78,61.6,47,0
3/2/22,79,63.4,48,0
3/3/22,78,65.6,51,0
3/4/22,67,60.1,52,0
3/5/22,56,52.1,45,0
3/6/22,62,53.1,44,0
3/7/22,59,51.3,45,0
3/8/22,61,52.1,43,0
3/9/22,71,59.1,44,0
3/10/22,58,52.7,45,0
3/11/22,62,50.9,40,0
3/12/22,69,55.5,41,0
3/13/22,50,48.5,47,0
3/14/22,70,61.9,52,0
3/15/22,76,63.4,49,0
3/16/22,77,67.9,59,0
3/17/22,69,61.4,53,0
3/18/22,75,61.9,49,0
3/19/22,80,65,52,0
3/20/22,71,62.6,55,0
3/21/22,74,61.7,51,0
3/22/22,78,66.3,57,0
3/23/22,76,65.5,54,0
3/24/22,84,69.3,55,0
3/25/22,90,74.5,58,0
3/26/22,93,77.4,60,0
3/27/22,90,76.2,61,0
3/28/22,80,69.6,55,0
3/29/22,74,63.2,51,0.05
3/30/22,79,69.6,58,0
3/31/22,78,68.6,58,0
4/1/22,81,70.9,62,0
4/2/22,85,72.6,58,0
4/3/22,80,72.2,63,0
4/4/22,87,73.8,58,0
4/5/22,90,78,62,0
4/6/22,79,70,61,0
4/7/22,84,70.7,57,0
4/8/22,89,74.8,59,0
4/9/22,92,77.7,63,0
4/10/22,75,68.3,61,0
4/11/22,79,68.2,51,0
4/12/22,62,54.8,48,0
4/13/22,69,58,45,0
4/14/22,78,64.7,49,0
4/15/22,81,69.4,55,0
4/16/22,80,72.8,64,0
4/17/22,86,72.2,58,0
4/18/22,90,76.5,57,0
4/19/22,88,78.6,70,0
4/20/22,85,73.5,62,0
4/21/22,83,73.8,65,0
4/22/22,71,60.8,52,0
4/23/22,75,65.5,53,0.07
4/24/22,75,67,58,0
4/25/22,79,69.1,54,0
4/26/22,89,74,57,0
4/27/22,89,78.2,64,0
4/28/22,84,75.3,67,0
4/29/22,84,73.4,65,0
4/30/22,90,75.9,59,0
5/1/22,85,76.3,67,0
5/2/22,88,75.6,62,0
5/3/22,81,73.8,66,0
5/4/22,82,72.8,62,0
5/5/22,92,79.1,62,0
5/6/22,97,85,69,0
5/7/22,94,84.4,76,0
5/8/22,84,75.7,65,0
5/9/22,75,65.7,57,0
5/10/22,74,65.8,57,0
5/11/22,70,63.4,56,0
5/12/22,76,66,54,0
5/13/22,89,75.4,61,0
5/14/22,96,82.2,65,0
5/15/22,98,86.3,68,0
5/16/22,100,88,71,0
5/17/22,98,86.7,72,0
5/18/22,97,86.6,70,0
5/19/22,102,89.6,73,0
5/20/22,83,76.5,69,0
5/21/22,84,73.6,61,0
5/22/22,93,80.5,65,0
5/23/22,89,81.7,72,0
5/24/22,92,81.8,69,0
5/25/22,98,86.1,69,0
5/26/22,102,89.9,74,0
5/27/22,101,91.7,82,0
5/28/22,94,86.9,80,0
5/29/22,89,80.6,74,0
5/30/22,82,74.2,64,0
5/31/22,87,77.6,66,0
6/1/22,90,80.4,70,0
6/2/22,100,85.8,67,0
6/3/22,100,89.8,78,0
6/4/22,96,87.5,77,0
6/5/22,101,88.7,74,0
6/6/22,101,91.2,78,0
6/7/22,105,94.3,82,0
6/8/22,107,95.3,80,0
6/9/22,107,96.4,80,0
6/10/22,110,97.7,80,0
6/11/22,110,100.5,88,0
6/12/22,108,95.9,82,0
6/13/22,99,90.2,81,0
6/14/22,92,84,75,0
6/15/22,100,89,76,0
6/16/22,108,93.2,74,0
6/17/22,104,92.5,83,0
6/18/22,91,82.4,75,0
6/19/22,88,78.8,69,0
6/20/22,92,83,74,0
6/21/22,100,87.3,71,0
6/22/22,94,87.6,81,0
6/23/22,101,89.5,76,0
6/24/22,103,93.1,80,0
6/25/22,104,93.7,77,0
6/26/22,107,95.8,82,0
6/27/22,106,95.8,86,0
6/28/22,108,98.2,84,0
6/29/22,108,100.1,88,0
6/30/22,105,97.5,89,0
7/1/22,106,97,87,0
7/2/22,104,94.8,81,0
7/3/22,100,91.9,83,0
7/4/22,101,89.9,76,0
7/5/22,101,91,76,0
7/6/22,102,92.3,79,0
7/7/22,103,93.6,79,0
7/8/22,107,95.9,79,0
7/9/22,110,96.4,80,0
7/10/22,110,98.1,82,0
7/11/22,111,100.5,85,0
7/12/22,112,101.2,86,0
7/13/22,111,101.8,91,0
7/14/22,108,95.4,84,0
7/15/22,106,94.3,82,0
7/16/22,110,99.4,91,0
7/17/22,109,97.9,89,0
7/18/22,105,96.8,89,0
7/19/22,110,99.7,89,0
7/20/22,110,101.8,93,0
7/21/22,113,102.6,90,0
7/22/22,113,101.1,88,0
7/23/22,105,97.3,88,0
7/24/22,107,97.3,87,0
7/25/22,98,86.6,78,0
7/26/22,96,87.8,78,0
7/27/22,100,88.4,78,0
7/28/22,100,85.5,75,0
7/29/22,98,85.9,77,0
7/30/22,96,87.7,78,0
7/31/22,90,86.7,83,0
8/1/22,98,88.3,80,0
8/2/22,103,93.7,84,0
8/3/22,106,96.8,87,0
8/4/22,94,90.3,83,0
8/5/22,95,86.2,76,0
8/6/22,102,93,81,0
8/7/22,105,95.3,83,0
8/8/22,103,95.4,86,0
8/9/22,96,91.7,87,0
8/10/22,95,89.3,82,0
8/11/22,100,88.9,79,0
8/12/22,98,87.6,80,0.81
8/13/22,90,84.8,80,0
8/14/22,97,89.4,82,0
8/15/22,97,87.4,80,0
8/16/22,101,91.6,81,0
8/17/22,104,94.3,84,0
8/18/22,98,91.6,79,0
8/19/22,102,90.6,79,0.03
8/20/22,100,91.6,83,0
8/21/22,104,93.3,85,0
8/22/22,105,94,83,0
8/23/22,108,95.8,83,0
8/24/22,102,92.9,88,0
8/25/22,98,90,81,0
8/26/22,102,93.9,84,0
8/27/22,105,94.3,83,0
8/28/22,104,93.7,81,0
8/29/22,104,94.6,84,0
8/30/22,109,97.8,87,0
8/31/22,110,99.2,88,0
9/1/22,111,99.1,89,0
9/2/22,109,97.5,86,0
9/3/22,108,97.3,85,0
9/4/22,109,97.8,86,0
9/5/22,109,97.5,86,0
9/6/22,111,100.1,88,0
9/7/22,107,97.8,87,0
9/8/22,105,95.3,88,0
9/9/22,97,91.3,86,0
9/10/22,87,81.8,75,0
9/11/22,95,85.5,73,0.03
9/12/22,87,81.3,71,0
9/13/22,92,83.1,73,0.08
9/14/22,88,77.7,67,0.04
9/15/22,93,86.5,78,0
9/16/22,92,82.6,69,0
9/17/22,94,82.3,69,0
9/18/22,95,83,72,0
9/19/22,96,83.5,68,0
9/20/22,96,84.9,72,0
9/21/22,94,83.6,72,0
9/22/22,94,81.9,70,0
9/23/22,95,82.8,72,0
9/24/22,97,84.9,72,0
9/25/22,97,85.5,74,0
9/26/22,99,85.3,72,0
9/27/22,99,86.8,73,0
9/28/22,91,81.6,76,0
9/29/22,96,84.8,73,0.04
9/30/22,96,85.3,72,0
10/1/22,94,83.4,72,0
10/2/22,94,83.7,71,0
10/3/22,92,82.7,70,0
10/4/22,91,82.1,74,0
10/5/22,93,81,69,0
10/6/22,92,80.6,69,0
10/7/22,92,80.8,69,0
10/8/22,91,80.6,69,0
10/9/22,89,79,69,0
10/10/22,89,78.5,68,0
10/11/22,91,79.3,68,0
10/12/22,90,79.6,69,0
10/13/22,91,79.3,69,0
10/14/22,90,78.8,68,0
10/15/22,87,74.9,66,0
10/16/22,84,73,65,0
10/17/22,86,74.8,63,0
10/18/22,87,78.6,67,0
10/19/22,88,75.5,64,0
10/20/22,86,74.8,62,0
10/21/22,86,74.4,60,0
10/22/22,84,75,63,0
10/23/22,66,59.7,54,0
10/24/22,65,57.2,51,0
10/25/22,69,58.6,48,0
10/26/22,73,62.3,50,0
10/27/22,67,59.6,53,0
10/28/22,69,58,47,0
10/29/22,75,62.6,50,0
10/30/22,79,66.3,55,0
10/31/22,76,64.8,55,0
11/1/22,80,69,59,0
11/2/22,66,60.9,53,0
11/3/22,57,51.4,47,0
11/4/22,61,52.6,45,0
11/5/22,64,53.5,42,0
11/6/22,71,60.2,47,0
11/7/22,74,67.4,62,0
11/8/22,66,59.4,53,0
11/9/22,61,54.2,50,0.11
11/10/22,61,53.2,47,0
11/11/22,57,49.1,44,0
11/12/22,60,48.7,38,0
11/13/22,58,50.8,43,0
11/14/22,58,50.2,43,0
11/15/22,61,51.5,42,0
11/16/22,62,52.5,45,0
11/17/22,61,49.7,39,0
11/18/22,62,50.9,41,0
11/19/22,59,49.4,42,0
11/20/22,63,49.9,38,0
11/21/22,61,48,35,0
11/22/22,63,50,39,0
11/23/22,71,55.7,41,0
11/24/22,65,57.5,51,0
11/25/22,62,51.6,42,0
11/26/22,58,49.2,39,0
11/27/22,59,51,42,0
11/28/22,59,49.7,42,0
11/29/22,56,48.5,39,0
11/30/22,56,45.3,35,0
12/1/22,63,50.6,37,0
12/2/22,62,56.8,49,0
12/3/22,63,54.6,47,0
12/4/22,66,56,44,0
12/5/22,63,54.7,46,0
12/6/22,58,49.4,41,0
12/7/22,57,48.3,41,0
12/8/22,56,45.7,36,0
12/9/22,56,46,38,0
12/10/22,58,48.8,39,0
12/11/22,56,49,40,0
12/12/22,50,42.5,35,0.09
12/13/22,52,45.6,40,0
12/14/22,54,44.3,36,0
12/15/22,56,44.4,34,0
12/16/22,51,41.8,32,0
12/17/22,50,39.2,29,0
12/18/22,51,40.3,31,0
12/19/22,52,40.9,30,0
12/20/22,56,45,37,0
12/21/22,59,47.9,38,0
12/22/22,59,48.8,39,0
12/23/22,62,50.8,42,0
12/24/22,66,52.6,41,0
12/25/22,68,55.2,45,0
12/26/22,66,54.8,44,0
12/27/22,70,58,50,0
12/28/22,64,56.1,48,0
12/29/22,56,48,43,0
12/30/22,52,48.2,40,0
12/31/22,64,55,46,0
1/1/23,59,53.1,48,0.17
1/2/23,53,48.2,43,0.02
1/3/23,53,47,42,0.01
1/4/23,51,48.2,43,0
1/5/23,53,49.3,46,0
1/6/23,60,48.5,40,0.1
1/7/23,55,46.5,38,0
1/8/23,57,48.2,39,0
1/9/23,57,51.7,48,0
1/10/23,61,52.4,49,0.05
1/11/23,56,47.3,39,0.13
1/12/23,58,48.1,38,0
1/13/23,58,49.4,41,0
1/14/23,55,48.7,43,0
1/15/23,57,52.3,47,0.13
1/16/23,60,52.1,46,0.03
1/17/23,53,49.1,45,0.05
1/18/23,53,45.5,38,0
1/19/23,49,42.3,35,0
1/20/23,52,46,41,0
1/21/23,52,43.8,38,0
1/22/23,54,42,32,0
1/23/23,55,47.4,41,0
1/24/23,60,49.3,40,0
1/25/23,59,48.8,39,0
1/26/23,59,48.9,41,0
1/27/23,57,46.3,37,0
1/28/23,57,46,36,0
1/29/23,59,49.1,37,0
1/30/23,48,43.6,39,0.1
1/31/23,51,42.4,34,0.04
2/1/23,55,44.2,33,0
2/2/23,59,47.3,35,0
2/3/23,61,50.8,40,0
2/4/23,62,51.1,40,0
2/5/23,66,55,43,0
2/6/23,60,54,49,0
2/7/23,61,52,45,0
2/8/23,64,52.7,42,0
2/9/23,60,51.5,42,0
2/10/23,60,48,35,0
2/11/23,63,52.2,44,0
2/12/23,68,56.6,44,0
2/13/23,64,56.1,47,0
2/14/23,52,43.6,38,0
2/15/23,55,44.5,36,0.02
2/16/23,50,42.6,34,0
2/17/23,56,45.3,37,0
2/18/23,61,48.7,36,0
2/19/23,66,52,41,0
2/20/23,69,55.8,45,0
2/21/23,71,58.6,45,0
2/22/23,50,44.1,40,0
2/23/23,50,43.3,38,0
2/24/23,50,44.9,36,0
2/25/23,61,49.8,41,0
2/26/23,52,45.2,35,0.28
2/27/23,59,51,40,0
2/28/23,55,50.1,43,0
3/1/23,50,45,39,0
3/2/23,58,49.4,43,0
3/3/23,58,48.6,37,0
3/4/23,65,53.4,42,0
3/5/23,60,52.8,47,0
3/6/23,58,49.7,0,0
3/7/23,60,51.4,42,0
3/8/23,63,51.6,41,0
3/9/23,66,55.5,41,0
3/10/23,69,65.1,62,0
3/11/23,75,65.9,57,0
3/12/23,59,57.5,56,0
3/13/23,72,62.5,53,0
3/14/23,66,60.8,57,0
3/15/23,69,60.5,53,0.02
3/16/23,63,55.4,49,0.02
3/17/23,64,54.5,45,0
3/18/23,64,55.5,46,0
3/19/23,60,53.5,50,0
3/20/23,67,56.8,49,0.01
3/21/23,59,53,48,0
3/22/23,61,53.4,46,0.18
3/23/23,60,53.4,45,0
3/24/23,64,54.4,45,0
3/25/23,58,52.2,47,0
3/26/23,58,51.4,45,0
3/27/23,58,49.1,40,0
3/28/23,69,57.5,45,0
3/29/23,66,59.3,51,0
3/30/23,56,49.3,43,0.01
3/31/23,66,52.5,38,0
4/1/23,72,58.6,43,0
4/2/23,77,63.6,49,0
4/3/23,63,54.5,43,0
4/4/23,57,48.8,41,0
4/5/23,59,49.7,40,0
4/6/23,66,54.9,42,0
4/7/23,75,61.5,47,0
4/8/23,78,67.3,53,0
4/9/23,85,71.9,57,0
4/10/23,90,75.4,59,0
4/11/23,93,77.5,60,0
4/12/23,84,77.1,69,0
4/13/23,78,70.9,64,0
4/14/23,74,66.5,57,0
4/15/23,79,67.6,56,0
4/16/23,84,71.5,57,0
4/17/23,86,73.5,59,0
4/18/23,79,69.8,61,0
4/19/23,70,62.7,56,0
4/20/23,74,64.7,54,0
4/21/23,88,71.5,56,0
4/22/23,82,75.2,68,0
4/23/23,86,74.8,63,0
4/24/23,91,78.5,68,0
4/25/23,81,75.1,69,0
4/26/23,85,73.1,60,0
4/27/23,92,77.9,63,0
4/28/23,90,81.2,73,0
4/29/23,96,81.5,65,0
4/30/23,97,83.5,67,0
5/1/23,91,79.1,65,0
5/2/23,79,68.8,57,0
5/3/23,80,70.5,58,0
5/4/23,68,63.9,59,0
5/5/23,73,66.2,58,0
5/6/23,76,67.1,58,0
5/7/23,82,70.3,58,0
5/8/23,85,71.6,0,0
5/9/23,86,74.4,58,0
5/10/23,83,75.1,65,0
5/11/23,86,75.6,63,0
5/12/23,91,81.3,69,0
5/13/23,92,83.8,75,0
5/14/23,94,83.2,71,0
5/15/23,96,85.4,71,0
5/16/23,94,85.5,77,0
5/17/23,97,84.7,75,0
5/18/23,98,86,73,0
5/19/23,97,85.8,76,0
5/20/23,93,83,75,0
5/21/23,95,84.8,73,0
5/22/23,96,87.3,77,0
5/23/23,97,87.4,77,0
5/24/23,94,85.9,76,0
5/25/23,92,82.3,71,0
5/26/23,89,79.8,66,0
5/27/23,91,82,71,0
5/28/23,94,84.6,70,0
5/29/23,93,84.1,71,0
5/30/23,90,82.2,72,0
5/31/23,90,79.3,67,0
6/1/23,91,82.1,69,0
6/2/23,94,85.3,74,0
6/3/23,97,86.8,73,0
6/4/23,98,88.5,78,0
6/5/23,100,89.2,77,0
6/6/23,92,83.7,74,0
6/7/23,82,76,71,0
6/8/23,88,79.3,69,0
6/9/23,93,83.2,73,0
6/10/23,93,83.9,73,0
6/11/23,87,78.8,72,0
6/12/23,86,77.4,71,0
6/13/23,92,82.6,71,0
6/14/23,93,84.8,74,0
6/15/23,97,86.6,79,0
6/16/23,83,74.2,63,0.01
6/17/23,98,84.1,67,0.45
6/18/23,99,90.2,81,0
6/19/23,95,86.7,78,0
6/20/23,93,82,73,0
6/21/23,96,83.8,69,0
6/22/23,95,83.1,69,0
6/23/23,91,80.1,68,0
6/24/23,96,84.1,70,0
6/25/23,98,85.7,70,0
6/26/23,97,86.5,72,0
6/27/23,98,87.1,75,0
6/28/23,97,86.7,73,0
6/29/23,99,90.3,79,0
6/30/23,103,92.7,80,0
7/1/23,108,96.2,82,0
7/2/23,111,99.9,83,0
7/3/23,113,100.5,85,0
7/4/23,104,95.9,83,0
7/5/23,106,93.3,78,0
7/6/23,105,92.8,77,0
7/7/23,103,91.1,75,0
7/8/23,105,91.8,75,0
7/9/23,106,94,78,0
7/10/23,106,94.7,80,0
7/11/23,109,98.1,82,0
7/12/23,108,99,89,0
7/13/23,110,98.3,84,0
7/14/23,111,99.4,86,0
7/15/23,114,101.5,87,0
7/16/23,116,103.8,89,0
7/17/23,114,104.1,89,0
7/18/23,112,103.1,91,0
7/19/23,111,101.7,91,0
7/20/23,112,102.1,91,0
7/21/23,114,104,93,0
7/22/23,115,103.8,91,0
7/23/23,111,101.1,90,0
7/24/23,110,99.9,88,0
7/25/23,112,101.4,89,0
7/26/23,113,103.7,90,0
7/27/23,113,102,90,0
7/28/23,113,100.6,87,0
7/29/23,111,101.6,90,0
7/30/23,109,97.8,88,0
7/31/23,102,94.6,83,0
8/1/23,95,84.2,78,0
8/2/23,94,84.3,75,0.28
8/3/23,104,91.7,80,0.01
8/4/23,104,93,77,0
8/5/23,108,94.7,79,0
8/6/23,109,95.5,79,0
8/7/23,107,94.3,78,0
8/8/23,104,93.6,80,0
8/9/23,102,93.7,83,0
8/10/23,94,87.9,77,0
8/11/23,101,91.5,81,0.08
8/12/23,102,92.4,80,0
8/13/23,101,91,81,0
8/14/23,104,93.1,81,0
8/15/23,104,96.9,89,0
8/16/23,102,94.9,87,0
8/17/23,106,101.5,94,0
8/18/23,97,85.6,74,0
8/19/23,81,74.3,70,0.14
8/20/23,78,72.2,69,0.42
8/21/23,84,76.1,73,0.42
8/22/23,92,83.4,73,0
8/23/23,99,89.2,80,0
8/24/23,97,90.1,80,0.05
8/25/23,102,92.4,82,0
8/26/23,104,94,80,0
8/27/23,106,94.4,81,0
8/28/23,106,95.7,84,0
8/29/23,109,97.4,83,0
8/30/23,109,96.4,81,0
8/31/23,107,96.8,82,0
9/1/23,91,74.4,64,0
9/2/23,82,74.7,71,1.52
9/3/23,93,81.6,72,0.08
9/4/23,90,79.8,70,0
9/5/23,92,82,71,0
9/6/23,96,84.5,72,0
9/7/23,91,78.6,72,0
9/8/23,102,93.4,74,0
9/9/23,103,91.9,79,0
9/10/23,90,85.8,80,0
9/11/23,94,84.9,74,0
9/12/23,95,87.6,81,0
9/13/23,93,85.1,76,0
9/14/23,88,82,75,0
9/15/23,94,83.1,72,0
9/16/23,95,85,73,0
9/17/23,98,86.6,74,0
9/18/23,95,84.4,72,0
9/19/23,93,83.1,71,0
9/20/23,88,77.7,70,0
9/21/23,87,77,66,0.02
9/22/23,88,77.7,66,0
9/23/23,84,76.6,70,0
9/24/23,90,77,65,0
9/25/23,93,80,68,0
9/26/23,93,81.3,68,0
9/27/23,95,81.6,68,0
9/28/23,95,81.2,66,0
9/29/23,95,81.2,66,0
9/30/23,77,72.3,67,0
10/1/23,75,67.1,58,0
10/2/23,74,67.4,58,0.01
10/3/23,79,70,60,0
10/4/23,87,76.4,67,0
10/5/23,88,78,67,0
10/6/23,92,80.4,72,0
10/7/23,93,80.5,69,0
10/8/23,94,81.2,68,0
10/9/23,94,82.1,68,0
10/10/23,90,81.8,74,0
10/11/23,85,75.3,66,0
10/12/23,77,68.8,62,0
10/13/23,76,67.5,58,0
10/14/23,80,67.6,55,0
10/15/23,87,72.4,58,0
10/16/23,90,75.5,62,0
10/17/23,90,76.5,64,0
10/18/23,94,79.9,67,0
10/19/23,93,79.3,68,0
10/20/23,93,79.8,67,0
10/21/23,93,79.5,67,0
10/22/23,90,76.3,64,0
10/23/23,78,70.7,63,0
10/24/23,81,70.5,60,0
10/25/23,83,71.4,58,0
10/26/23,78,69.7,60,0
10/27/23,75,66.4,55,0
10/28/23,75,65.9,57,0
10/29/23,64,56.1,49,0
10/30/23,68,57.1,49,0
10/31/23,72,58.7,48,0
11/1/23,74,61,51,0
11/2/23,76,62.4,51,0
11/3/23,77,63.3,50,0
11/4/23,77,63.6,51,0
11/5/23,76,64,52,0
11/6/23,85,72.6,55,0
11/7/23,75,69.2,62,0
11/8/23,68,61.5,57,0
11/9/23,68,58.8,52,0
11/10/23,67,56.6,45,0
11/11/23,70,56.5,45,0
11/12/23,72,57,44,0
11/13/23,72,58.2,46,0
11/14/23,74,60.4,49,0
11/15/23,70,60.6,50,0
11/16/23,66,59.4,54,0.05
11/17/23,68,59.4,52,0
11/18/23,72,61.4,52,0
11/19/23,66,58.8,52,0
11/20/23,63,55.3,50,0
11/21/23,64,55.2,48,0
11/22/23,66,54.4,43,0
11/23/23,63,52.8,46,0
11/24/23,60,54.3,48,0
11/25/23,58,49.8,44,0
11/26/23,58,48.8,42,0
11/27/23,59,48.1,39,0
11/28/23,62,50.3,40,0
11/29/23,61,51.6,43,0
11/30/23,61,52.8,44,0
12/1/23,62,52.2,42,0
12/2/23,62,51.8,42,0
12/3/23,61,51.3,43,0
12/4/23,67,55.5,45,0
12/5/23,71,58,48,0
12/6/23,69,59,46,0
12/7/23,67,60,52,0
12/8/23,62,55.5,49,0
12/9/23,56,47.9,40,0
12/10/23,56,47.4,39,0
12/11/23,58,47.8,39,0
12/12/23,61,50.1,38,0
12/13/23,62,54.2,48,0
12/14/23,61,51,42,0
12/15/23,64,51.4,42,0
12/16/23,66,53,42,0
12/17/23,65,52.7,44,0
12/18/23,65,53.8,46,0
12/19/23,63,54.9,47,0
12/20/23,67,56.1,45,0
12/21/23,68,60.2,54,0
12/22/23,56,53.1,48,0
12/23/23,65,54.3,46,0.18
12/24/23,55,46.6,40,0
12/25/23,56,45.2,36,0
12/26/23,57,47.4,38,0
12/27/23,56,47.6,39,0
12/28/23,64,50.5,41,0
12/29/23,63,51,42,0
12/30/23,63,52.9,42,0
12/31/23,58,51.9,44,0
1/1/24,61,51.9,43,0
1/2/24,60,50.8,43,0
1/3/24,51,45.9,42,0
1/4/24,58,51.3,45,0.02
1/5/24,60,50.6,44,0
1/6/24,48,44.8,40,0
1/7/24,50,44.9,41,0
1/8/24,49,42.5,36,0
1/9/24,49,39.2,31,0
1/10/24,49,39.2,29,0
1/11/24,49,42.3,34,0
1/12/24,47,38.9,29,0
1/13/24,51,41.6,31,0
1/14/24,57,44.9,35,0
1/15/24,56,45.7,38,0
1/16/24,59,47.1,36,0
1/17/24,57,47.9,41,0
1/18/24,63,50.5,38,0
1/19/24,62,52.9,45,0
1/20/24,60,53.5,48,0
1/21/24,54,51.3,48,0
1/22/24,53,51.3,49,0.08
1/23/24,59,52.6,50,0.08
1/24/24,59,52.1,44,0.01
1/25/24,66,55.5,46,0
1/26/24,62,54.3,48,0
1/27/24,64,53.1,43,0
1/28/24,71,57.8,46,0
1/29/24,73,59.6,49,0
1/30/24,73,59.3,48,0
1/31/24,67,57.6,47,0
2/1/24,58,51.6,44,0
2/2/24,58,48.7,44,0.14
2/3/24,59,49.3,40,0.01
2/4/24,52,49.1,47,0
2/5/24,50,49.1,47,0.08
2/6/24,50,48.3,46,0.42
2/7/24,56,49.8,43,0.18
2/8/24,49,45.4,41,0.05
2/9/24,52,45.2,40,0
2/10/24,54,47,42,0.02
2/11/24,54,46.4,40,0
2/12/24,56,47.2,38,0
2/13/24,60,49.7,38,0
2/14/24,63,53.1,42,0
2/15/24,65,57.1,49,0
2/16/24,67,58,50,0
2/17/24,65,57.5,49,0
2/18/24,70,60,51,0
2/19/24,71,62,51,0
2/20/24,61,54.4,51,0
2/21/24,63,53,49,0.21
2/22/24,66,55.7,45,0
2/23/24,66,57.4,49,0
2/24/24,68,58.5,50,0
2/25/24,68,58.4,48,0
2/26/24,76,61.6,49,0
2/27/24,70,61,51,0
2/28/24,66,55.2,45,0
2/29/24,72,59.1,44,0
3/1/24,70,61.8,55,0
3/2/24,67,60.5,54,0
3/3/24,64,56.8,51,0
3/4/24,64,54.7,45,0
3/5/24,67,58.3,49,0
3/6/24,70,58.8,46,0
3/7/24,65,58.5,54,0
3/8/24,66,58.2,51,0
3/9/24,66,54.4,44,0
3/10/24,48,47,46,0
3/11/24,71,63.1,57,0
3/12/24,66,58.3,49,0
3/13/24,68,60.5,53,0
3/14/24,63,53.6,45,0
3/15/24,57,50.9,47,0.02
3/16/24,59,50,46,0.6
3/17/24,66,57.6,48,0.12
3/18/24,74,63.3,52,0
3/19/24,72,62.3,50,0
3/20/24,78,65.4,53,0
3/21/24,81,67.6,55,0
3/22/24,79,67,53,0
3/23/24,71,64.4,57,0
3/24/24,61,56.5,53,0
3/25/24,66,58.5,50,0
3/26/24,70,61.9,53,0
3/27/24,73,61.7,47,0
3/28/24,76,68.4,62,0
3/29/24,73,64.7,55,0
3/30/24,62,54.8,46,0
3/31/24,63,51.8,43,0.2
4/1/24,68,59.2,50,0
4/2/24,74,64.8,56,0
4/3/24,80,67.4,54,0
4/4/24,79,68.1,57,0
4/5/24,58,52,47,0
4/6/24,65,55.5,46,0
4/7/24,67,57.7,47,0
4/8/24,67,61.8,56,0
4/9/24,77,65.8,54,0
4/10/24,81,69,54,0
4/11/24,86,73,58,0
4/12/24,88,74.3,59,0
4/13/24,81,71.9,63,0
4/14/24,71,62.2,57,0
4/15/24,76,65.3,53,0
4/16/24,83,72,59,0
4/17/24,89,76.1,61,0
4/18/24,86,75.6,65,0
4/19/24,87,76.2,62,0
4/20/24,90,79.3,66,0
4/21/24,93,80.8,65,0
4/22/24,95,82.9,68,0
4/23/24,91,80.9,67,0
4/24/24,86,76.8,67,0
4/25/24,80,73.3,65,0
4/26/24,67,59.7,51,0
4/27/24,78,67.2,56,0.23
4/28/24,82,72.4,62,0
4/29/24,86,75.2,60,0
4/30/24,90,78.6,68,0
5/1/24,86,78.5,69,0
5/2/24,87,75.4,64,0
5/3/24,88,77.5,63,0
5/4/24,86,75.7,65,0
5/5/24,69,63.9,59,0
5/6/24,78,67.4,57,0
5/7/24,87,74.2,59,0
5/8/24,75,66.7,58,0
5/9/24,80,71.1,63,0
5/10/24,81,72.3,65,0
5/11/24,85,74.5,63,0
5/12/24,91,79.2,63,0
5/13/24,95,84,69,0
5/14/24,94,85.3,73,0
5/15/24,97,87,75,0
5/16/24,95,84.7,72,0
5/17/24,98,86.4,71,0
5/18/24,95,85.8,74,0
5/19/24,97,83.9,68,0
5/20/24,88,80.6,71,0
5/21/24,85,77.5,69,0.01
5/22/24,93,79.8,64,0
5/23/24,90,81.6,70,0
5/24/24,90,81.2,72,0
5/25/24,89,78.9,66,0
5/26/24,92,81.3,67,0
5/27/24,95,85.1,70,0
5/28/24,100,87.1,72,0
5/29/24,97,86.9,72,0
5/30/24,99,89.3,78,0
5/31/24,101,90.7,77,0
6/1/24,100,90.6,76,0
6/2/24,98,88,76,0
6/3/24,102,91.2,78,0
6/4/24,102,92.8,83,0
6/5/24,107,95.4,81,0
6/6/24,110,98.8,85,0
6/7/24,109,98.2,84,0
6/8/24,106,96.7,85,0
6/9/24,102,92.5,83,0
6/10/24,101,90.4,75,0
6/11/24,106,94.3,81,0
6/12/24,109,95.4,77,0
6/13/24,103,94.2,81,0
6/14/24,106,95,80,0
6/15/24,107,95.5,81,0
6/16/24,103,92.5,80,0
6/17/24,102,90,79,0
6/18/24,90,81.3,72,0
6/19/24,98,86.5,73,0
6/20/24,103,91.4,75,0
6/21/24,107,94.3,80,0
6/22/24,109,96.6,79,0
6/23/24,110,100,86,0
6/24/24,112,102,92,0
6/25/24,110,101.2,88,0
6/26/24,109,100.1,90,0
6/27/24,109,100.4,91,0
6/28/24,106,96.3,85,0
6/29/24,108,96.4,82,0
6/30/24,107,95.7,80,0
7/1/24,107,96.1,83,0
7/2/24,106,96.8,83,0
7/3/24,112,100.4,85,0
7/4/24,114,101.2,89,0
7/5/24,111,99.7,84,0
7/6/24,114,101.7,86,0
7/7/24,118,105.6,90,0
7/8/24,113,102.9,86,0
7/9/24,117,103.1,87,0
7/10/24,117,105.8,90,0
7/11/24,116,107.4,99,0
7/12/24,113,103.2,92,0
7/13/24,107,96.4,84,0
7/14/24,106,96.4,84,0.08
7/15/24,108,99.4,90,0
7/16/24,108,99.3,88,0
7/17/24,111,100.3,89,0
7/18/24,105,97.6,89,0
7/19/24,108,98.3,89,0
7/20/24,112,101.5,88,0
7/21/24,112,102,90,0
7/22/24,110,100.5,94,0
7/23/24,110,101.9,91,0
7/24/24,111,100.4,90,0
7/25/24,113,102.9,93,0
7/26/24,111,102.3,94,0
7/27/24,106,98.5,91,0
7/28/24,105,93.9,82,0
7/29/24,105,94.3,80,0
7/30/24,105,93.2,78,0
7/31/24,107,95,80,0
8/1/24,106,97.9,87,0
8/2/24,103,96.9,91,0
8/3/24,108,98.9,88,0
8/4/24,111,100,86,0
8/5/24,112,99.9,87,0
8/6/24,113,102,89,0
8/7/24,107,98.1,90,0
8/8/24,103,95.3,85,0
8/9/24,103,94.5,85,0
8/10/24,108,99.4,89,0
8/11/24,104,96.4,89,0
8/12/24,105,96.7,86,0
8/13/24,104,95.7,86,0
8/14/24,103,93.3,83,0
8/15/24,105,91.5,75,0
8/16/24,108,94.8,76,0
8/17/24,106,98,91,0
8/18/24,104,94.9,84,0
8/19/24,107,96.8,84,0
8/20/24,110,97.3,83,0
8/21/24,107,97.7,85,0
8/22/24,103,94,83,0
8/23/24,98,89.2,79,0
8/24/24,95,86,76,0
8/25/24,93,84,76,0
8/26/24,96,86.1,75,0
8/27/24,102,88.5,73,0
8/28/24,105,91.9,77,0
8/29/24,104,92.8,78,0
8/30/24,105,93.9,82,0
8/31/24,104,94.4,85,0
9/1/24,103,92.5,80,0
9/2/24,105,94.5,81,0
9/3/24,106,95.1,82,0
9/4/24,107,96.1,83,0
9/5/24,107,95.4,84,0
9/6/24,105,93.3,80,0
9/7/24,106,92.9,79,0
9/8/24,102,91.8,80,0
9/9/24,103,92.2,80,0
9/10/24,102,92.4,80,0
9/11/24,99,91.1,82,0
9/12/24,94,85.3,76,0
9/13/24,95,85.1,74,0
9/14/24,97,85.7,72,0
9/15/24,97,87.3,77,0
9/16/24,83,78.1,71,0
9/17/24,83,73.5,63,0
9/18/24,86,76,65,0
9/19/24,88,77.6,64,0
9/20/24,86,81.9,75,0
9/21/24,92,80.4,69,0
9/22/24,95,82.4,70,0
9/23/24,97,86,76,0
9/24/24,99,86.6,72,0
9/25/24,100,86.8,72,0
9/26/24,101,88.5,73,0
9/27/24,103,91.6,79,0
9/28/24,105,91.1,74,0
9/29/24,104,90.3,77,0
9/30/24,103,91.5,80,0
10/1/24,105,92.1,77,0
10/2/24,103,91.4,82,0
10/3/24,102,88.6,76,0
10/4/24,105,88.5,73,0
10/5/24,102,90.7,82,0
10/6/24,101,88.9,77,0
10/7/24,100,87.5,75,0
10/8/24,99,88.1,78,0
10/9/24,97,83.9,70,0
10/10/24,97,83.2,67,0
10/11/24,97,84.2,72,0
10/12/24,96,80.6,66,0
10/13/24,92,78,65,0
10/14/24,92,78.6,67,0
10/15/24,92,78.6,65,0
10/16/24,91,79.1,65,0
10/17/24,85,76.7,67,0
10/18/24,72,63.8,57,0
10/19/24,77,67.8,61,0
10/20/24,77,68.5,60,0
10/21/24,79,64.5,0,0
10/22/24,82,69.5,58,0
10/23/24,86,71.9,59,0
10/24/24,83,71.5,61,0
10/25/24,84,69.6,57,0
10/26/24,84,70.8,58,0
10/27/24,81,72.3,61,0
10/28/24,80,73.7,62,0
10/29/24,66,58.9,53,0
10/30/24,62,55.4,48,0
10/31/24,67,55.5,45,0
11/1/24,71,58.5,47,0
11/2/24,69,61.2,55,0
11/3/24,67,59.8,53,0
11/4/24,65,56.9,49,0
11/5/24,65,55.9,45,0
11/6/24,60,53.3,47,0
11/7/24,63,53.3,46,0
11/8/24,64,52.9,42,0
11/9/24,67,54.2,43,0
11/10/24,69,55.4,43,0
11/11/24,73,60.2,45,0
11/12/24,65,57.1,50,0
11/13/24,63,52.2,41,0
11/14/24,64,52.6,41,0
11/15/24,63,53.6,45,0
11/16/24,61,51.8,44,0
11/17/24,61,52,44,0
11/18/24,62,52.2,41,0
11/19/24,56,48.7,41,0
11/20/24,60,48.5,38,0
11/21/24,64,49.6,36,0
11/22/24,64,49.6,36,0
11/23/24,63,52.8,46,0
11/24/24,60,54.3,48,0
11/25/24,58,49.8,44,0
11/26/24,58,48.8,42,0
11/27/24,59,48.1,39,0
11/28/24,62,50.3,40,0
11/29/24,61,51.6,43,0
11/30/24,61,52.8,44,0
12/1/24,62,52.2,42,0
12/2/24,62,51.8,42,0
12/3/24,61,51.3,43,0
12/4/24,67,55.5,45,0